470;Daniel Chaney;10/01/2001;08:36:54;ACA-IT;hatch discovered;0;IN PROGRESS
380;Jessica Horne;11/03/2011;15:10:11;Cegeka;room;0;IN PROGRESS
168;Lloyd Nelson;06/12/2006;12:05:58;Cegeka;lock;0;IN PROGRESS
172;Tiffany Shaffer;10/04/2016;20:29:41;Eurosys;words about code rescue monster have;0;IN PROGRESS
285;April Sears;04/08/2015;06:15:51;Mobistart;the headphones sacrifice warp asked room;0;IN PROGRESS
265;Herbert Ryan;25/08/2005;20:12:33;Mobistart;to window will crash headphones generated library;0;IN PROGRESS
144;Tracie Workman;15/07/2013;03:48:12;Proximus;it interest keys;0;IN PROGRESS
417;Jay Swanson;17/04/2001;18:16:35;Proximus;in came with it room sacrifice;0;IN PROGRESS
183;Colton Montgomery;30/01/2015;19:15:59;PXL;rabbit code many died;0;IN PROGRESS
324;Phillip Gibbs;15/07/2016;02:55:59;PXL;;0;IN PROGRESS
317;Stephen Lara;14/04/2004;10:35:06;PXL;;0;IN PROGRESS
65;Audrey Casey;24/08/2000;02:18:23;XCOMM;sacrifice hold they probably want smoke light;0;IN PROGRESS
238;Keith Burnett;25/11/2002;13:34:21;Yappa;good list assert suspense;0;IN PROGRESS
369;Fred Barton;17/04/2009;13:38:20;Cegeka;have to trees or throw will;1;IN PROGRESS
73;Sandy Hebert;11/06/2004;19:20:26;Eurosys;trees hat open banging when lock;1;IN PROGRESS
441;Shannon Merrill;07/04/2003;12:20:13;Eurosys;or maybe I badly red banging it;1;IN PROGRESS
37;Logan Hopper;20/02/2003;23:56:56;Eurosys;;1;IN PROGRESS
383;Sandra Meyers;11/10/2009;18:48:26;Mobistart;who much ball;1;IN PROGRESS
127;Miranda Chavez;15/02/2002;10:52:12;Mobistart;until ball with;1;IN PROGRESS
210;Anna Cote;05/08/2005;22:15:21;Proximus;of ball is;1;IN PROGRESS
488;Albert Moore;20/01/2011;14:06:45;Proximus;it is of caves have;1;IN PROGRESS
496;Sabrina Miranda;28/12/2009;08:51:36;PXL;took automatically;1;IN PROGRESS
17;Shanna Howell;29/05/2001;16:14:06;PXL;;1;IN PROGRESS
166;Louis Clarke;15/11/2008;14:02:43;T-Network;;1;IN PROGRESS
86;Sharon Chan;16/04/2013;17:27:27;Telenet;is what wicket;1;IN PROGRESS
227;Nicholas Jarvis;04/03/2015;03:57:20;Yappa;;1;IN PROGRESS
485;Judy Wilkins;01/06/2006;07:38:32;ACA-IT;what enter;2;IN PROGRESS
215;Ginger Stanton;30/09/2007;07:26:45;ACA-IT;hold visions hot interest world is sill;2;IN PROGRESS
68;Earl Robinson;13/04/2003;07:00:46;ACA-IT;world else many library of wicket light;2;IN PROGRESS
283;Brett Jefferson;23/03/2016;19:54:07;Cegeka;rabbit days;2;IN PROGRESS
456;Dominic Bell;26/07/2004;13:53:42;Cegeka;computer I are came room;2;IN PROGRESS
57;Darren Levine;02/07/2002;09:40:43;Eurosys;many in sits window is;2;IN PROGRESS
19;Katie Davis;05/11/2015;23:25:01;Proximus;discovered on a captain;2;IN PROGRESS
299;Vickie Kirkland;13/05/2007;17:10:43;Proximus;want;2;IN PROGRESS
116;Kim Clark;03/06/2015;05:08:51;PXL;to pique world sits as something else;2;IN PROGRESS
445;Clarence Merrill;08/01/2002;16:15:54;Yappa;or write ball fire;2;IN PROGRESS
404;Ellen Munoz;08/04/2010;20:56:40;Yappa;headphones plane through ill;2;IN PROGRESS
71;Devin Williamson;19/12/2013;11:36:02;Yappa;rabbit sidekick;2;IN PROGRESS
119;Rose Glass;29/02/2000;16:38:29;ACA-IT;island they trying;3;IN PROGRESS
443;Dakota Noel;14/10/2007;05:09:14;ACA-IT;came what asked was trees;3;IN PROGRESS
298;Tashia Austin;09/02/2002;14:18:49;ACA-IT;show computer text lost wicket;3;IN PROGRESS
112;Kelsey Little;24/04/2005;08:57:53;Cegeka;on generated;3;IN PROGRESS
72;Bob Macdonald;01/11/2009;20:22:45;Eurosys;crash build lock do do they;3;IN PROGRESS
128;Vickie Burnett;08/07/2011;12:06:04;Eurosys;;3;IN PROGRESS
407;Jeffrey Aguilar;17/05/2006;12:02:16;Eurosys;sofa magnetic I who so crash rescue;3;IN PROGRESS
301;Jimmy Perry;21/04/2011;21:04:12;Proximus;;3;IN PROGRESS
147;Ted Lynch;13/10/2005;21:17:31;Proximus;fire to or generated;3;IN PROGRESS
206;Arthur Vasquez;22/05/2009;10:39:00;Proximus;do of my write a;3;IN PROGRESS
103;Dixie Lindsay;14/09/2001;17:09:20;PXL;generated find ends what it badly;3;IN PROGRESS
334;Abigail Fox;19/03/2004;17:41:47;T-Network;keys monster until world interest banging;3;IN PROGRESS
427;Randall Hampton;15/04/2000;09:27:21;T-Network;are is;3;IN PROGRESS
158;Austin Rutledge;08/08/2012;08:17:32;ACA-IT;else found pique on pique no the;4;IN PROGRESS
264;Jamie Montgomery;06/03/2004;18:33:46;ACA-IT;hat crash;4;IN PROGRESS
77;Aaron Macdonald;20/07/2011;00:11:36;ACA-IT;to throw;4;IN PROGRESS
318;Mickey Hoover;03/02/2016;02:48:57;ACA-IT;leader handled code keys died is keys;4;IN PROGRESS
62;Sarah Marks;12/06/2006;18:43:53;Cegeka;numbers trees hot was who rescue window;4;IN PROGRESS
101;Earl Schneider;09/03/2006;09:21:57;Mobistart;in;4;IN PROGRESS
115;Dylan Bauer;24/05/2009;14:23:13;Proximus;interest;4;IN PROGRESS
292;Courtney Stokes;27/05/2014;10:31:16;PXL;assert generated;4;IN PROGRESS
458;Tim Fitzgerald;15/08/2009;22:38:35;T-Network;;4;IN PROGRESS
373;Madison Jennings;06/10/2012;00:43:32;XCOMM;numbers ghost;4;IN PROGRESS
308;Norma Diaz;24/07/2014;13:51:38;XCOMM;discovered sacrifice dreams island words will have;4;IN PROGRESS
87;Gage Cooke;26/10/2006;21:44:01;ACA-IT;it's will sidekick no books;5;IN PROGRESS
13;Maria Baird;14/07/2002;08:34:12;ACA-IT;what headphones is trying suspense assert;5;IN PROGRESS
381;Sydney Joseph;17/12/2002;11:35:46;Cegeka;rescue cold;5;IN PROGRESS
322;Chasity Nichols;14/05/2004;19:57:47;Mobistart;died hold rescue assert asked what;5;IN PROGRESS
259;Jonathan Nixon;23/03/2015;10:07:06;Mobistart;trees lost window sacrifice room;5;IN PROGRESS
95;Hannah Cash;25/07/2010;22:30:51;Mobistart;ends are of in should;5;IN PROGRESS
121;Timothy Rojas;13/08/2010;23:23:35;Proximus;found visions;5;IN PROGRESS
79;Joey Mueller;29/06/2016;17:08:51;PXL;of took it code;5;IN PROGRESS
385;Wendy Kirkland;13/10/2016;22:10:49;XCOMM;ending pique;5;IN PROGRESS
484;Chester Wall;06/01/2005;21:32:04;XCOMM;to others no window;5;IN PROGRESS
352;Allison Gay;15/07/2009;16:36:24;Yappa;have they library;5;IN PROGRESS
83;Edward Underwood;23/01/2011;18:27:59;ACA-IT;are;6;IN PROGRESS
236;Heath Richardson;27/08/2004;21:11:08;Cegeka;do write pull;6;IN PROGRESS
33;Sherry Owen;26/09/2008;07:10:03;Eurosys;rabbit through what I white smoke;6;IN PROGRESS
254;Tracie Copeland;31/03/2006;08:17:59;Mobistart;of handled people pique to;6;IN PROGRESS
64;Randy Yates;29/09/2009;16:16:13;Proximus;trees;6;IN PROGRESS
382;Jesse McMillan;08/11/2010;16:16:31;PXL;wicket until came days badly was;6;IN PROGRESS
140;Hope Skinner;16/02/2009;14:37:12;PXL;interest rabbit computer have or maybe much something;6;IN PROGRESS
377;Veronica Klein;06/11/2015;04:08:08;T-Network;was;6;IN PROGRESS
305;Wyatt Sharpe;06/06/2003;11:51:50;T-Network;came crash pique took trying on;6;IN PROGRESS
426;Krista Bradshaw;28/04/2008;09:30:09;T-Network;computer a we keys man;6;IN PROGRESS
109;Ashley Drake;17/02/2000;00:10:13;T-Network;they until was headphones;6;IN PROGRESS
191;Alissa Hampton;14/05/2014;00:58:45;Telenet;trees it;6;IN PROGRESS
14;Catherine Dunlap;15/11/2006;13:11:34;Telenet;of;6;IN PROGRESS
256;Denise Walsh;30/09/2012;23:25:04;XCOMM;died world are hatch;6;IN PROGRESS
278;Brandy Allen;01/01/2013;20:47:17;Yappa;on I magnetic;6;IN PROGRESS
482;Ernest McClain;28/02/2009;06:03:00;ACA-IT;hot;7;IN PROGRESS
331;Brooklyn Torres;19/11/2010;18:29:38;ACA-IT;sits good to no;7;IN PROGRESS
162;Melinda Le;18/03/2007;02:58:50;ACA-IT;it no ends code island computer;7;IN PROGRESS
185;Jodi Callahan;03/04/2003;20:38:29;Cegeka;;7;IN PROGRESS
55;Ray Pollard;14/03/2013;12:59:05;Eurosys;died automatically end;7;IN PROGRESS
428;Olivia Vazquez;26/12/2005;23:48:43;Eurosys;or maybe came to room ends where;7;IN PROGRESS
433;Don Rice;10/10/2009;05:01:56;Eurosys;sofa in;7;IN PROGRESS
360;Pete Delgado;29/11/2010;22:16:03;Mobistart;people trees badly it discovered web fire;7;IN PROGRESS
467;Harry Walsh;24/06/2007;13:07:42;PXL;cold want out shepherd it of text;7;IN PROGRESS
455;David Stevenson;25/08/2003;04:08:40;T-Network;wrong what had;7;IN PROGRESS
118;Jeremiah Levy;12/06/2011;18:41:34;T-Network;lost it to constantly leader;7;IN PROGRESS
280;Kenny Whitaker;09/10/2016;16:33:34;Telenet;had caves through;7;IN PROGRESS
461;Steven Alford;23/07/2005;08:08:35;XCOMM;white are do;7;IN PROGRESS
70;Mitchell Hines;02/04/2007;00:26:06;Yappa;headphones sacrifice dad;7;IN PROGRESS
368;Janice Maddox;20/08/2014;15:35:11;ACA-IT;ball good to;8;IN PROGRESS
50;Tamara Patel;15/09/2016;09:08:27;Cegeka;lock to;8;IN PROGRESS
202;Cynthia Moody;13/12/2014;19:47:08;Cegeka;computer;8;IN PROGRESS
321;Benjamin Dickinson;07/03/2001;14:35:47;Mobistart;who warp;8;IN PROGRESS
475;Paul Oliver;28/11/2014;23:22:23;Mobistart;captain what;8;IN PROGRESS
97;Haley Newman;12/05/2005;19:57:28;Proximus;badly red list island in else;8;IN PROGRESS
176;Angel Bird;02/04/2015;11:50:43;PXL;computer much;8;IN PROGRESS
122;Dallas Holman;12/02/2014;16:41:02;PXL;red took do good words;8;IN PROGRESS
436;Roy Espinoza;10/02/2010;05:29:53;T-Network;hat was of while dreams;8;IN PROGRESS
409;Myron Harding;27/05/2016;02:36:09;XCOMM;is or else island;8;IN PROGRESS
271;Jeff Hewitt;01/02/2013;07:08:29;Yappa;ending boon ending;8;IN PROGRESS
203;Matt Church;02/10/2016;13:06:21;Yappa;worn sacrifice end;8;IN PROGRESS
293;James Strong;14/07/2011;13:16:20;ACA-IT;room on about ill are ball had;9;IN PROGRESS
81;Don Benjamin;12/06/2007;17:55:14;Cegeka;out the secretly;9;IN PROGRESS
255;Kenneth Glass;16/11/2005;02:23:49;Cegeka;;9;IN PROGRESS
67;Pat Burton;16/03/2014;20:39:44;Eurosys;in who sidekick;9;IN PROGRESS
22;Gina Lyons;19/06/2003;12:04:32;Eurosys;books hid;9;IN PROGRESS
399;Bobby Boyle;08/10/2002;07:51:30;Mobistart;what visions trying have lots handled;9;IN PROGRESS
495;Charlie Parrish;18/06/2014;13:44:30;Mobistart;it list;9;IN PROGRESS
320;Tommy Schneider;14/08/2003;17:21:18;Proximus;will;9;IN PROGRESS
279;Lance Sanders;26/11/2015;00:37:51;Proximus;ill;9;IN PROGRESS
49;Everett Schneider;06/03/2001;21:03:13;Proximus;my;9;IN PROGRESS
394;Tracey Dawson;20/11/2002;11:59:40;PXL;magnetic days room from want;9;IN PROGRESS
137;Theresa Blanchard;27/09/2004;04:49:24;T-Network;they;9;IN PROGRESS
15;Louis Guthrie;15/10/2011;00:51:20;T-Network;wrong;9;IN PROGRESS
420;Abigail Jimenez;03/01/2014;09:53:33;T-Network;have television library fire it's build;9;IN PROGRESS
94;Roberta Conrad;27/09/2009;05:01:45;T-Network;secretly was write;9;IN PROGRESS
440;Jessie Nelson;08/01/2016;16:49:32;Telenet;pique;9;IN PROGRESS
230;Mindy Sparks;01/03/2003;11:50:22;XCOMM;or maybe boon ghost found is island;9;IN PROGRESS
341;Rocky Ewing;21/09/2001;04:36:37;Yappa;rabbit took had cold a;9;IN PROGRESS
294;Chuck Walton;07/07/2003;00:36:43;Mobistart;hold island warp smoke;10;IN PROGRESS
439;Tammy Mack;28/04/2000;07:44:58;Mobistart;many is assert;10;IN PROGRESS
223;Marilyn Mann;18/12/2007;16:43:46;Proximus;open;10;IN PROGRESS
233;Andrea Phelps;26/09/2004;19:18:56;T-Network;;10;IN PROGRESS
300;Jan Wyatt;24/02/2004;06:01:44;T-Network;white fire hot from build warp pull;10;IN PROGRESS
43;Stacey Molina;27/10/2016;13:25:57;T-Network;others cold;10;IN PROGRESS
76;Wendy Meyers;17/10/2002;21:00:47;Telenet;words died island warp;10;IN PROGRESS
275;Carmen Whitley;16/10/2015;01:50:46;Yappa;plane plane sidekick;10;IN PROGRESS
345;Leonard Arnold;07/09/2006;03:21:23;Yappa;plane will shepherd hold crash to automatically;10;IN PROGRESS
